S06111	咦，有的嗎〓//哎呀～，搞砸了。
S06112	昨天來的客人，//我跟人家說賣完了。//人家大老遠來的說……
S06113	這樣啊……//要是能再來買//就好了……
S06114	那個……//可以打擾嗎？
S06115	啊～！//昨天的客人∈//您來了啊〓
S06116	是、是的〓//回北海道之前，//想先買伴手禮……
S06117	「西遊記」的節目手冊//有找到喔！//喏，就是這個∈
S06118	咦，真的嗎〓//我要買。//多少錢？
S06119	好的，四十錢。//那麼……幫您包起來。
S06120	喂～，隊長。//大家差不多集合了喔。
S06121	啊，現在就去。//等我一下。
S06122	呀～！//是桐島神奈大人嗎〓//我是您的超級粉絲∈
S06123	喔，說得真好啊。//謝啦。//以後也請多多支持。
S06124	這位特地從北海道，//來買「西遊記」的//節目手冊喔。
S06125	那真了不起。//那就由我在節目手冊上//簽名吧。
S06126	好……//唰唰地……好了。
S06127	啊，非常感謝您！//我會珍惜一輩子∈
S06128	嗯嗯……//粉絲啊，真不錯。//以後也得好好珍惜。
S06129	那麼，隊長……//我們也走吧。
S06130	「只因為愛」的節目手冊//有找到喔！//喏，就是這個∈
S06131	大神先生。//差不多到時間了喔。
S06132	啊！//是、是真宮寺櫻小姐嗎〓//我是您的超級粉絲∈
S06133	咦……是、是這樣嗎？//我的……//謝謝您。
S06134	這位特地從北海道，//來買「只因為愛」的//節目手冊喔。
S06135	大那麼遠……//那個……我只能//做這種事……
S06136	在這本節目手冊上//幫您簽名喔。//呃，櫻……請收下。
S06137	我的簽名，//竟然能讓人高興……//總覺得好開心。
S06138	那麼，大神先生……//我們也走吧。
S06139	「青鳥」的節目手冊//有找到喔！//喏，就是這個∈
S06140	……隊長。//差不多到時間了。
S06141	啊！//蕾、蕾妮小姐〓//我是您的超級粉絲∈
S06142	咦……那個……//謝謝。
S06143	這位特地從北海道，//來買「青鳥」的//節目手冊喔。
S06144	想表達感謝的心情//可是……
S06145	蕾妮，在那本節目手冊上//簽個名怎麼樣？
S06146	啊，說得也是……//那麼……這樣可以嗎？
S06147	我的粉絲嗎……//能感覺這麼親近，//非常……高興。
S06148	那，隊長……//我們也走吧。
S06149	啊，大神先生！//這是幫忙的謝禮∈//新作的劇照，請收下！
S06150	謝謝你，小椿。//那我走了。
S06151	說得也是……到時間為止，//我在帝劇裡晃晃。
S06152	啊，這樣啊，//我知道了。//那我就先這樣。
S06153	好了……//再稍微晃晃吧。
S06154	……好像，//誰都還沒來。
S06155	就在這裡等吧。//再不快點來……
S06156	說得也是……到時間為止，//在帝劇裡晃晃吧。
S06157	集合是……//１２點在玄關。
S06158	這裡好像誰都不在//的樣子……//去別的房間吧。
S06159	……原來如此。//你也有各式各樣的//辛苦啊。
S06160	你也是呢……//彼此，或許都是//吃虧的性格呢。
S06161	呀，兩位。//在商量什麼？
S06162	啊，是隊長啊。//和瑪莉亞在談部隊的事，//稍微……啦。
S06163	帝國華擊團和巴黎華擊團……//以整頓隊伍的立場，//正在交換意見。
S06164	這樣啊……//讓你們兩位受了//不少辛苦呢。
S06165	不……也沒那麼嚴重。//或許是性格吧……//沒辦法視而不見。
S06166	嗯，正是如此。//華擊團裡……//問題兒童很多啊。
S06167	以後也請多多指教。
S06168	……請手下留情啊。
S06169	哪有什麼問題兒童？
S06170	以後也請多多指教。//就靠你們兩位了。
S06171	呵呵呵……那是當然。//輔佐隊長，//就是我的職責。
S06172	作為有紀律的華擊團，//就由我來引導吧。
S06173	格莉辛真可靠呢。//從今以後，//我好像能輕鬆了。
S06174	呵呵呵……我明白了。//既然是隊長這麼說。
S06175	要帶人……//不只是嚴厲，//也需要溫柔呢。
S06176	不愧是瑪莉亞。//你很明白嘛。
S06177	但是……溫柔和//溺愛是不一樣的。//這一點要記住。
S06178	哪有什麼問題兒童？//大家……//我覺得都是好隊員。
S06179	……認真的嗎？//你是說艾莉卡和羅貝莉亞//不是問題兒童嗎？
S06180	啊……不，//是有點有個性……
S06181	織姬還有……堇和神奈，//你覺得沒惹過麻煩嗎？
S06182	不、不是……//精神很好……之類的。
S06183	只是隊長不知道，//其實有很多事喔。
S06184	嗯……只是你不知道。//無知即是罪。//給我記住。
S06185	對、對不起。//以後會注意！
S06186	真是的……//你可真是個悠哉的男人。
S06187	就是因為隊長這樣，//我們才會這麼辛苦。//對吧，瑪莉亞。
S06188	……是啊。//看來我們得//好好盯著才行。
S06189	哈哈哈……//好像是這樣呢……
S06190	隊長……話雖如此，//什麼都丟給我們//也會很困擾喔。
S06191	是、是……//我明白了。
S06192	好了……今天是自由活動。//可別惹出//什麼問題才好。
S06193	是啊……//不過，沒問題吧。//帝都也已經和平了。
S06194	就算發生什麼，//我覺得也能笑著原諒。
S06195	瑪莉亞都這麼說的話，//我也輕鬆了。
S06196	那麼……這之後的外出，//羅貝莉亞她們就拜託了。//小櫻她們交給我。
S06197	嗯，就這麼辦。//那麼……走吧。//格莉辛你怎麼辦？
S06198	我也去。//……隊長，那就這樣。
S06199	唉……//瑪莉亞和格莉辛啊……//真是可怕的組合。
S06200	好了……我也差不多//去別的房間吧。
S06201	……這裡//沒有人嗎。
S06202	沒辦法。//去別的房間看看吧。
S06203	大神先生，歡迎光臨！//是來買劇照//的嗎？
S06204	拜託巴黎華擊團各位//請她們讓我//拍了劇照。
S06205	各位來到日本，//也能當個紀念呢。
S06206	不愧是藝術的本場，//巴黎的舞者呢。//非常上相！
S06207	現在特別賣給//大神先生喔。//怎麼樣？　想要吧！
S06208	啊，大神先生。//來販賣部有什麼事嗎？
S06209	那麼，請挑選吧。//各位的劇照//都齊全喔。
S06210	小椿，//已經和巴黎華擊團大家//變要好了嗎？
S06211	是的，超級要好喔。//巴黎華擊團的各位，//都是好人呢。
S06212	特別是格莉辛小姐//英姿√然//讓人好憧憬。
S06213	總覺得……//和以前的瑪莉亞小姐//有點像呢。
S06214	說得也是。//一生氣就很可怕那點吧。
S06215	大神先生，//您在說什麼！//那樣太失禮了∈
S06216	拍劇照的時候//有聊過，//她非常溫柔喔。
S06217	年紀輕輕就很了不起，//還誇獎了//我……
S06218	我還以為小椿//比較年長……//能變要好是好事呢。
S06219	說起來，大神先生。//今天要和花組各位//去帝都觀光對吧。
S06220	啊，因為巴黎華擊團大家//來到帝都了嘛。
S06221	跟艾莉卡小姐她們，//介紹帝都的//好地方喔。
S06222	還有……我家的//仙貝店也//請介紹一下喔！
S06223	哈哈哈……知道了。//不愧是小椿//很會做生意呢。
S06224	欸嘿嘿……//是這樣嗎？
S06225	大神先生，帝都觀光，//請好好玩喔。
S06226	我家的//仙貝店也//別忘了！
S06227	差不多該走了。//再見囉，小椿。
S06228	好的，大神先生也，//帝都觀光，//請好好玩喔。
S06229	艾莉卡……//不可以再這樣了。//知道了嗎？
S06230	啊〜嗯，對不起啦〜。//只是稍微太起勁//而已〜。
S06231	好了好了……//艾莉卡也在道歉了。//就算了吧。
S06232	喂，怎麼了？//艾莉卡君//做了什麼嗎？
S06233	啊……隊長。//來得正好……
S06234	其實……艾莉卡，//把神奈珍惜的優勝旗//送給別人了……
S06235	是的，老婆婆//看起來很冷，//就當披風送給她了。
S06236	雖說是助人……//隊長……請隊長……//跟艾莉卡說一聲。
S06237	助人辛苦了。
S06238	之後去要回來啊。
S06239	惹瑪莉亞生氣很可怕喔。
S06240	艾莉卡君，助人辛苦了。//做了好事呢。
S06241	是的！　老婆婆也，//超高興地//收下了呢！
S06242	（隊長……//　您在說什麼啊〓）
S06243	（我知道啦……//　再等一下）
S06244	但是啊，艾莉卡君。//隨便把別人的東西送人//是不好的喔。
S06245	好好地向神奈，//道歉。
S06246	神奈小姐……對不起。//能原諒我嗎？
S06247	啊，沒關係。//也是出於好意嘛。//以後要小心喔。
S06248	是的！//我明白了∈
S06249	（不愧是隊長……真漂亮）
S06250	（不……是瑪莉亞的功勞）
S06251	之後去要回來啊。//那樣的話，神奈也會//原諒你的。
S06252	好的……可是，//老婆婆住在哪裡，//我不知道喔。
S06253	因為……東京的事，//我完全不知道嘛。
S06254	咦……啊，對啊……
S06255	（隊長……//　請振作一點）
S06256	沒關係，沒關係。//那面旗上也寫了名字，//總有一天會回來的。
S06257	艾莉卡是想助人，//才這麼做的吧？
S06258	那麼……//那種心意更重要，//我是這麼想的。
S06259	神奈……我明白了。//確實，想助人的心意//是很重要呢。
S06260	艾莉卡……//以後要小心喔。
S06261	是的！//以後會小心∈
S06262	惹瑪莉亞生氣很可怕喔。//來，艾莉卡君……//趕快道歉比較好。
S06263	是、是這樣嗎……？//多少……//我有心理準備……
S06264	隊長！//那種說法……//有誤解∈
S06265	呀啊啊∈//對不起，對不起！//再也不敢了∈
S06266	來，瑪莉亞也……//不必生那麼大的氣吧。//……來，原諒她吧。
S06267	連神奈都……//真是……
S06268	……我沒什麼好說的。//艾莉卡君，覺得對不起的話//就自己向神奈道歉。
S06269	……神奈小姐。//那面優勝旗……//是很重要的東西對吧。
S06270	還好啦……//多少也有些回憶嘛。
S06271	那個……對不起。//我呀，那麼重要的東西//當時並不知道……
S06272	啊，我明白。//以後小心就好，//那樣就行了。
S06273	謝謝您。//我，對神奈小姐……//喜歡上了！
S06274	哈哈哈……是嗎？//我也，//喜歡上艾莉卡了。
S06275	（隊長……艾莉卡和神奈//　能夠互相原諒……//　您都知道呢）
S06276	（啊……大家的事啊//　我都相信嘛）
S06277	好……//總之，//這樣就結案了。
S06278	啊，對了∈//瑪莉亞小姐//好像番長喔！
S06279	番、番長〓
S06280	那我就先這樣！//番長，我告辭了。
S06281	啊哈哈哈哈哈……∈//瑪莉亞是番長！//這個好笑！
S06282	真是的……我也走了。//那麼，就此……//……神奈，笑太過頭了。
S06283	嘻～，好痛。//我也走了……//再見了，隊長。
S06284	瑪莉亞是番長啊……確實呢。//好了……我也走吧。
S06285	……番長也，//好像沒來呢。
S06286	沒辦法……//去別的房間吧。
S06287	因為快中午了，//還以為會有人……
S06288	沒辦法。//待會再來看看吧。
S06289	這裡//好像誰都不在。
S06290	一直待在這裡也//沒辦法。//去別的房間吧。
S06291	……廚房裡，//會有人嗎？
S06292	啊，一郎，怎麼了？//肚子餓了嗎？
S06293	不……//只是順路過來而已。//可可莉可在做什麼？
S06294	因為有早餐剩的，//想拿去給狗狗。
S06295	我已經和狗狗//變成朋友了喔。//對吧！
S06296	汪！
S06297	連你都來了〓//跑進劇場裡面//可不行啊。
S06298	那個……//這個和這個……
S06299	呀，可可莉可。//在廚房做什麼？
S06300	啊，一郎。//因為有早餐剩的，//想拿去給狗狗。
S06301	連你都在啊〓//跑進劇場裡面//可不行啊。
S06302	大家都太寵牠，//最近，都不//聽話了啊……
S06303	是嗎？//超聽話的好孩子喔。//那個……
S06304	待會會把飯//拿過去給你，//先回家去喔。
S06305	嗯汪！
S06306	對吧！　是好孩子吧。//我說的話，//什麼都聽喔。
S06307	好了……我要去//做狗狗的飯，//一郎你要怎麼做？
S06308	那……差不多該走了。//再見囉，可可莉可。
S06309	啊！　我也去∈//給狗狗的話，//這塊魚板就行了吧。
S06310	啊，說得也是。//一定是最愛吃的。//那就待會見。
S06311	（正好是個機會，//　向可可莉可問問結婚觀//　看看吧……）
S06312	吶，可可莉可……//可以問一下嗎？
S06313	嗯……什麼事？//很難的事嗎？
S06314	啊……對可可莉可來說//或許有點早，//是關於結婚的事。
S06315	才沒有……一點都不早。//因為我……//自己也有在想的嘛。
S06316	這樣啊……那，//都在想些什麼？
S06317	嗯……那個啊……//早上，我來叫醒你，//一起吃飯……
S06318	還有就是……//結婚以後再告訴你。//已經……好害羞喔。
S06319	這樣啊……和我不一樣，//可可莉可對結婚//有好好在想呢。
S06320	那是當然的……//因為，是兩個人的事啊。
S06321	確實，結婚是兩個人的事。//原來如此……我懂了。//謝謝你，可可莉可。
S06322	吶，一郎。//帝國華擊團的人，//大家都住在一起呢。
S06323	啊，是啊。//我也住在這裡嘛。
S06324	就是啊。//黑貓劇場的大家//為什麼不住在一起呢？
S06325	住在黑貓劇場的，//只有艾莉卡和羅貝莉亞//而已啊。
S06326	我是馬戲團的，//花火和格莉辛一起住在//布魯梅爾的宅邸……
S06327	一郎你，//一個人住在公寓對吧。
S06328	為什麼呢？//大家一起//住不就好了。
S06329	大家在一起好像很開心。
S06330	一個人住比較輕鬆。
S06331	想和可可莉可兩個人住。
S06332	說得也是。//大家在一起好像很開心。
S06333	對吧！//一郎也這麼想吧∈
S06334	可以聊到很晚，//休息日也能，//大家一起賴著嘛。
S06335	啊，說得也是。//大家一起吃飯，//好像也很開心。
S06336	吶，一郎！//回巴黎的時候，//跟格蘭媽媽求求看！
S06337	大家一起在黑貓劇場//住可不可以嘛。
S06338	哈哈哈……//說得也是，下次一起//去說說看吧。
S06339	一個人住比較輕鬆。//有大家在，//這也得顧慮那也得顧慮……
S06340	是嗎？//一郎，要顧慮什麼？
S06341	啊……不……//周圍都是女性……//那個……就是那樣啦。
