S01388	舞台がはじまる前に//大道具部屋の//整理もしないといけないな。
S01389	……アイリス、//もう寝る時間よ。//おけいこは明日にしましょう。
S01390	もうちょっとだけする！//アイリスまだ//眠たくないもん。
S01391	マリア、アイリス……//どうしたんだい？
S01392	あ、隊長……//いえ、アイリスが//けいこを続けると言って……
S01393	マリア、どうしたんだい？//携帯キネマトロンに//通信が入ったけど。
S01394	隊長、来てくださったんですか。//アイリスがけいこを続けると//きかなくて……
S01395	お兄ちゃん、聞いてよ。//マリア、イジワルなんだよ。
S01396	アイリス、いっぱいおけいこして//いいおしばいにしたいのに……//ねなさいって言うの。
S01397	ねぇ、お兄ちゃんからも//マリアにおねがいして……//いいでしょう？
S01398	アイリス、もう寝ないと。
S01399	マリア、俺からもお願いするよ。
S01400	俺がけいこの相手をするよ。
S01401	アイリス、もう寝ないと。//明日、みんなでけいこをしよう。//な、それでいいだろ。
S01402	ほら、隊長もこう言ってるわ。//ね、アイリス……//今日はもう休みましょう。
S01403	やだっ！//アイリス、眠たくないもん∈//おけいこする！
S01404	そんなこと言うお兄ちゃんと//マリアなんかしらない！//べーっだ∈
S01405	しかたないわね……//アイリス、あと一回だけよ。//それでいい？
S01406	うん、わかった。//じゃあ、そのかわりに……//お兄ちゃんとおけいこする。
S01407	それなら、あと一回で、//きょうのおけいこは//おしまいにする。
S01408	隊長……すみませんが、//よろしいですか？
S01409	ああ、いいよ。//俺でよければ、//けいこにつきあうよ。
S01410	マリア、俺からもお願いするよ。//もうすこしだけいいだろ？
S01411	ありがと、お兄ちゃん！//ね、マリア……いいでしょう？
S01412	……わかりました。//総合演出の隊長が//おっしゃるなら、いいでしょう。
S01413	では、あと一回だけ。//それと、アイリス……//明日の朝、寝坊したらダメよ。
S01414	はーい！//わっかりましたぁ∈
S01415	俺がけいこの相手をするよ。//アイリス、それでいいかい？
S01416	ホント〓//うん、アイリス、//お兄ちゃんとおけいこしたーい∈
S01417	いいじゃないか、マリア。//アイリスがこんなにも、//がんばってるんだからさ。
S01418	アイリス……そのかわり、//俺とけいこをしたら、//今日はおしまいにするんだぞ。
S01419	はい、わかりました！//お兄ちゃん、アリガトー∈
S01420	いや……//なんとも言えないなぁ……
S01421	もう、お兄ちゃん！//アイリスの味方じゃないの∈
S01422	でも……//マリアの言うこともわかるし……
S01423	じゃ、アイリス……//あと一回、おけいこしたら、//今日はおしまいにする？
S01424	……うん、わかった。//それでいいよ。
S01425	そのかわり……//お兄ちゃんとおけいこしていい？
S01426	そうね……//よろしいですか、隊長？
S01427	ああ……いいよ。//俺でよければ、つきあうよ。
S01428	では……けいこするのは、//夜の街で、マリユスがコゼットに//愛の告白をする場面です。
S01429	コゼットはアイリス……//マリユスはレニですが、//隊長……お願いします。
S01430	ああ、わかった。//俺がコゼット役のアイリスに、//愛の告白をするんだな。
S01431	お兄ちゃん、お願いします！
S01432	では……隊長のセリフを//お教えしますね。
S01433	「やっと会えたね……」//「この時をどれだけ待ったか」//「愛しているよ」
S01434	最後のセリフは、//やさしく……//心を込めてくださいね。
S01435	アドリブでもいいからね。//いいお芝居をしようね！
S01436	ああ、わかった。//それじゃ、はじめようか。
S01437	……マリユス。//待っててくれたのね……
S01438	私……実は、//お父さまに黙って、//ここに来たの……
S01439	やっと会えたね……
S01440	俺も会いたかったよ……
S01441	無断外出はよくないぞ！
S01442	無断外出はよくないぞ！//お父さん、//心配してるんじゃないか？
S01443	へ〓　あ、あれ……//セリフとちがうよ。//えぇと……だから……
S01444	マリユスのセリフが//「やっと会えたね……」//だから……
S01445	（隊長……//　「やっと会えたね……」です）
S01446	や、やっと会えたね……
S01447	ええ……//会うことすら//許されないなんて……
S01448	だから……誰にも//私たちの邪魔をさせないで……//この夜だけは……
S01449	ああ……わかったよ。
S01450	この時をどれだけ待ったか。
S01451	子どもはもう寝る時間だぞ！
S01452	ああ……もちろんだよ。
S01453	……この時をどれだけ待ったか。
S01454	……子どもはもう寝る時間だぞ！
S01455	子どもはもう寝る時間だぞ！//夜中に待ち合わせなんて、//感心しないな∈
S01456	マリユスのセリフが//「この時をどれだけ待ったか。」//だから……
S01457	もーっ！//まじめにやって∈
S01458	これじゃ、//おけいこにならないよ！//もーっ！　知らない∈
S01459	あ、アイリス……
S01460	隊長……//アイリスはまじめに//けいこをしていたんですよ。
S01461	その気持ちをわかって、//ふざけていたんですか？
S01462	アイリスには私から//説明しておきます。//隊長は見回りをしてください。
S01463	すこし、ふざけすぎたかな……//しかたない……//見回りに戻るか……
S01464	……子どもはもう寝る時間だぞ！//夜中に待ち合わせなんて、//感心しないな∈
S01465	（隊長……//　「この時をどれだけ待ったか」//　ですよ）
S01466	こ、この時をどれだけ待ったか。
S01467	愛してるわ、マリユス……//ずっと一緒にいてね……
S01468	コゼット……
S01469	「愛しているよ」とささやく。
S01470	黙って抱きしめる。
S01471	愛しているよ……コゼット。//ずっと……//そばにいるからね。
S01472	マリユス……
S01473	……愛しているよ。//世界中のだれよりも……//君のことを愛しているよ。
S01474	お、お兄ちゃん〓//ううん……
S01475	愛しているよ……//世界中のだれよりも……//君のことを愛しているよ。
S01476	ええ……マリユス。//ずっと、一緒よ……
S01477	（隊長……//　「愛しているよ」ですよ）
S01478	……ここまでね。//隊長……もう少し、//演技を勉強してからのほうが……
S01479	そ、そうだな……//すまない、//うまくできなかったよ。
S01480	もーっ！//アイリス、お兄ちゃんと//おけいこしたかったのに∈
S01481	なんで、ちゃんと//おけいこしてくれなかったの！
S01482	そうですね……//けいこをする気がないのなら、//簡単に引き受けないでください。
S01483	アイリス、もう行く！//お兄ちゃんなんか、しらない∈//べーっだ！
S01484	あ……アイリスったら、//脚本を忘れて……//もう、しかたないわね。
S01485	でも……//がんばってくれたから、//アイリス、うれしかったよ。
S01486	それじゃ……これでおひらきね。//アイリスもいいわね。
S01487	は〜い！//じゃ、アイリスもう行くね！//バイバーイ∈
S01488	あ……アイリスったら、//台本を忘れて……
S01489	隊長……//ありがとうございました。//本当に助かりました。
S01490	はい、そこまで！//よくがんばったわね、アイリス。//いい演技だったわ。
S01491	えへへ……//お兄ちゃんが相手だったから//ちょっと照れちゃった。
S01492	隊長もおつかれさまでした。//そうですね……
S01493	台本に書かれている通りに//演じていただけましたから、//いいけいこになったはずです。
S01494	アドリブばっかりだったけど……//お兄ちゃんの方が、//マリユスらしかったよ！
S01495	……アイリスは真剣に//けいこをしているのですから、//ふざけるのはよくないですよ。
S01496	セリフをわすれちゃっても、//なにか言わないとダメだよ。//アイリス、困っちゃうからね。
S01497	二つ目のセリフの時……//すぐ、コゼットに答えたのは、//本当にいい演技でしたね。
S01498	二つ目のセリフ……//ゆっくりのほうがいいね。//気持ちが伝わってきた。
S01499	最後のセリフ……//もうすこし間があっても//よかったですね。
S01500	でも……//すぐに答えるところは……//隊長らしいと思います。
S01501	最後のセリフ……//やさしさが伝わってきて、//とてもよかったですね。
S01502	お兄ちゃんの気持ち……//すごく伝わってきたよ。
S01503	さいごのセリフのとき……//急にお兄ちゃん、//抱きしめてくるんだもん。
S01504	アイリス……//びっくりしちゃったけど……//すごくいいシーンになったね。
S01505	ふぅ……けいことは言え、//けっこうむずかしいものだな。
S01506	えぇ、そうですね。//それで、今のけいこを//通してですが……
S01507	すばらしい演技でした。//機会があれば、//共演してみたいですね。
S01508	ありがとう、なんだか照れるな。//じゃあ、アイリス……//俺とのけいこはどうだった？
S01509	なかなかの演技でしたね。//もうすこし練習すれば、//舞台にも立てますよ。
S01510	ははは……がんばってみるよ。//アイリスは俺とのけいこ、//どうだった？
S01511	やはりむずかしかったですか？//芝居のけいこと言えど、//慣れが必要かもしれませんね。
S01512	そうだね……まだまだかな。//じゃあ、アイリスは//俺とのけいこ、どうだった？
S01513	隊長は役者ではありませんが、//総合演出なのですから……//演技の勉強はしてください。
S01514	すまない……勉強しておくよ。//アイリスも、俺とのけいこは//やりにくかったかい？
S01515	アイリスね、//すごくやりやすかったよ！//アリガト、お兄ちゃん∈
S01516	そう言ってもらえると//俺もうれしいよ。//ありがとう、アイリス。
S01517	お兄ちゃん、上手だったよ。//でも、もうちょっとだね。
S01518	そうか……//だけど、コツはわかったから、//あとは、けいこあるのみだな。
S01519	お兄ちゃん、アリガト。//こんどおけいこをするときは//もっとじょうずにやってね。
S01520	ああ、わかったよ。//きちんと演技の勉強も//やっておくよ。
S01521	もぅ、お兄ちゃん……//おけいこにならなかったよ。
S01522	す、すまない……//がんばったんだけどな……
S01523	それじゃ、これで……//今日のおけいこはおしまいね。
S01524	では……私はこれで。//アイリスに台本を届けないと//いけませんから。
S01525	ああ、そうだね。//俺も見回りに戻るよ。//それじゃ……
S01526	（ちょうどいい機会だし、//　マリアに結婚観について//　聞いてみようかな……）
S01527	なあ……マリア、//すこし聞きたいことが//あるんだけど……
S01528	はい……なんですか？
S01529	結婚って……//どういうものなんだろう？//俺……まだよくわからないんだ。
S01530	結婚……ですか？
S01531	そうですね……//私も……まだ……
S01532	でも……隊長が、//真剣に考えてくださるのなら//私も……
S01533	ああ、俺も総合演出を//することになったし……//真剣に考えているさ。
S01534	わかりました……//そこまでおっしゃるなら、//私も……考えてみます。
S01535	頼んだよ、マリア。//それじゃ、//俺は見回りに戻るから……
S01536	あ、私も……//もう、行きます。
S01537	それじゃ、マリア。//またあとで。
S01538	「あぁ、無情」の舞台……//この客席を、お客さんで//いっぱいにできるかな……
S01539	少し不安だけど……//みんながいれば大丈夫だよな。//さて……見回りを続けるか。
S01540	ふぅ……春とは言え、//まだ夜は寒いな。
S01541	……ほら、アイリス。//あれがバルゴ……//乙女座だよ。
S01542	ん……？//アイリスとレニがいるのか？
S01543	わん！　わん！
S01544	どうしたんだい？//あ……隊長。
S01545	え、お兄ちゃん？//アイリスになにかご用なの？//あっち行ってよ！　べーっだ∈
S01546	アイリス……//さっきはすまなかった。//少しふざけすぎたよ。
S01547	さっきって？
S01548	アイリスがおしばいの//おけいこしてたのに、//じゃましたんだよ。
S01549	そう……でも、//隊長もあやまってるし、//許してあげたら？
S01550	うん……レニがそう言うなら。//……お兄ちゃん、//もう、ふざけちゃダメだからね。
S01551	ああ、わかったよ。//それで二人とも……//なにしてるんだい？
S01552	あ、お兄ちゃんだ！//夜の見まわりしてるの？
S01553	ああ、そうなんだ。//それで二人とも……//なにしてるんだい？
S01554	ああ……アイリスと、//星を見ていたんだ……
S01555	レニって星のこと、//すっごく知ってるんだよ。
S01556	いや……ただ、//方角を知りたい時とか、//星を見れば、すぐだから……
S01557	それにね……ひこ星さまとか、//お星さまのお話も//たくさん知ってるんだよ。
S01558	それは……//星が好きだから……
S01559	そうか……//レニは星が好きだったんだよな。
S01560	俺にも、星座の話……//聞かせてくれないか？
S01561	うん……いいよ。
S01562	あれが……獅子座。//その上にあるのが……//大熊座だよ。
S01563	へぇ……なるほど。//星をゆっくり見るなんて、//ひさしぶりだな……
S01564	あ！　流れ星だ∈
S01565	流れ星が見えている間に、//お願いごとを三回唱えると、//願いがかなうんだって……
S01566	へぇ、そうなんだ！//じゃあ、みんなで//お願いしようね∈
S01567	流れ星……//はやく見えないかな……
S01568	あ！//流れ星だ∈
S01569	世界が平和になりますように。
S01570	みんなが仲良くなりますように。
S01571	舞台が成功しますように。
S01572	（しまった……//　もう消えちゃったか……）
S01573	（流れ星が見えている間って……//　けっこう短いものだな）
S01574	（しまった……//　同じお願いを三回だった……//　けっこうむずかしいものだな）
S01575	ね、お兄ちゃん！//お願いできた？
S01576	いや……できなかった。//アイリスたちは？
S01577	アイリスはね……//えとね……ナイショ！//でも……みんなのことだよ∈
S01578	ボクもみんなのこと……//そうだね……//きっと、アイリスと一緒だよ。
S01579	よし……//三回、唱えられたぞ。
S01580	ああ、なんとかね。
S01581	どんなことお願いしたの〓//ね、アイリスに教えて！
S01582	世界が平和になりますように。//やっぱり俺は……//華撃団の隊長だからね。
S01583	さすがは隊長だ……//いつも平和のことを//考えているんだね。
S01584	みんなが仲良くなりますように。//やっぱり、みんながいてこその//花組だからね。
S01585	うん、そうだね！//アイリスもね……//おなじことお願いしたんだよ。
S01586	舞台が成功しますように。//みんなの期待には、//応えたいからね。
S01587	うん……そうだね。//アイリスもがんばる！
S01588	ボクもがんばるよ。//この舞台は……//隊長とボクたちの舞台だから。
S01589	……クシュン！
S01590	レニ……大丈夫？//カゼ？
S01591	うん……すこし冷えたみたい。//もう行くよ。//アイリスはどうする？
S01592	もうすこし……お星さま見てる。//すごくきれいだから……
S01593	そう……わかった。//じゃあね、アイリス。//隊長……よろしく。
S01594	ね、お兄ちゃん……//お星さま、きれいだね……
S01595	……へくちっ！
S01596	えへへ……//なんだか、さむくなってきたね。
S01597	アイリスも……//もうお家にはいろ。//じゃあね、お兄ちゃん。
S01598	ああ、暖かくするんだよ。//それじゃ……//俺も見回りに戻るよ。
S01599	（ちょうどいい機会だし、//　アイリスに結婚観について//　聞いてみようかな……）
S01600	なぁ、アイリス……//すこし聞いてもいいかい？
S01601	うん……なに？//アイリスにわかること？
S01602	ああ……今度の舞台で、//アイリスはマリユス役のレニと//結婚するシーンがあるだろ。
S01603	それで……俺も、//結婚について考えないと//いけないなと思ってさ。
S01604	けっこんって……//アイリスのこと？
S01605	ああ、そうだよ。//だから、アイリスの考えも//聞いておこうと思ってさ。
S01606	うん……お兄ちゃんが、//アイリスのことかんがえてくれて//……うれしい。
S01607	アイリス……//まだけっこんのこと、//よくわかんないけど……
S01608	ちゃんとかんがえる。//だから……ちょっとまってて。
S01609	ああ、わかった。//じゃあ、その時にきちんと//話をしようか。
S01610	うん……//おねがいね、お兄ちゃん。
S01611	それじゃ……俺は//見回りに戻ろうかな。
S01612	あ……アイリスも行く。//なんだか……//ノドかわいちゃった。
S01613	それじゃ、アイリス。//またあとでね。
S01614	うん……またあとでね。//バイバイ……お兄ちゃん。
S01615	今日は星がきれいだな……//平和な夜だ……
S01616	や、元気か？//お前も大きくなったな。
S01617	わんわん！
S01618	よし、見回りに戻るか……//このあたりは頼んだぞ。//じゃあな。
S01619	さくらくん……//テラスで//なにをしているんだろう？
S01620	あ……大神さん。//夜の見回りですか？//ご苦労さまです。
S01621	今夜は寒いだろ……//テラスなんかで、//なにしていたんだい？
S01622	いえ……見ていただけです。//この帝都を……
S01623	大神さん……//一緒にどうですか？
S01624	ああ、そうだな……
S01625	それじゃ……さくらくん。//俺は見回りがあるから……
S01626	そうですか……//見回り、がんばってくださいね。
S01627	ああ……//さくらくんも冷えないうちに//部屋に戻るんだよ。
S01628	はい……そうします。//では、これで……
S01629	（ちょうどいい機会だし、//　さくらくんに結婚観について//　聞いてみようかな……）
